{
  "hash": "a681582a",
  "configHash": "9b3e6b70",
  "lockfileHash": "0870b2d4",
  "browserHash": "dbfeaf06",
  "optimized": {
    "@angular/core": {
      "src": "../../../../../node_modules/@angular/core/fesm2022/core.mjs",
      "file": "@angular_core.js",
      "fileHash": "25415b88",
      "needsInterop": false
    },
    "@angular/platform-browser": {
      "src": "../../../../../node_modules/@angular/platform-browser/fesm2022/platform-browser.mjs",
      "file": "@angular_platform-browser.js",
      "fileHash": "cf2dc796",
      "needsInterop": false
    },
    "@angular/router": {
      "src": "../../../../../node_modules/@angular/router/fesm2022/router.mjs",
      "file": "@angular_router.js",
      "fileHash": "6360a6af",
      "needsInterop": false
    }
  },
  "chunks": {
    "chunk-IHFPUAUX": {
      "file": "chunk-IHFPUAUX.js"
    },
    "chunk-O7KAIYEH": {
      "file": "chunk-O7KAIYEH.js"
    }
  }
}